N깵,듥,늷듨긎,^녱긎
2020/1/1,낸,긎,긎
2020/1/2,뒞,긎,긎
2020/1/3,,긎,긎
2020/1/4,늧,긎,긎
2020/1/5,,긎,긎
2020/1/6,깵,,
2020/1/7,괉,,
2020/1/8,낸,,
2020/1/9,뒞,,
2020/1/10,,,
2020/1/11,늧,긎,
2020/1/12,,긎,긎
2020/1/13,깵,,긎
2020/1/14,괉,,
2020/1/15,낸,,
2020/1/16,뒞,,
2020/1/17,,,
2020/1/18,늧,긎,
2020/1/19,,긎,긎
2020/1/20,깵,,
2020/1/21,괉,,
2020/1/22,낸,,
2020/1/23,뒞,,
2020/1/24,,,
2020/1/25,늧,긎,
2020/1/26,,긎,긎
2020/1/27,깵,,
2020/1/28,괉,,
2020/1/29,낸,,
2020/1/30,뒞,,
2020/1/31,,,
2020/2/1,늧,긎,
2020/2/2,,긎,긎
2020/2/3,깵,,
2020/2/4,괉,,
2020/2/5,낸,,
2020/2/6,뒞,,
2020/2/7,,,
2020/2/8,늧,긎,
2020/2/9,,긎,긎
2020/2/10,깵,,
2020/2/11,괉,,긎
2020/2/12,낸,,
2020/2/13,뒞,,
2020/2/14,,,
2020/2/15,늧,,
2020/2/16,,긎,긎
2020/2/17,깵,,
2020/2/18,괉,,
2020/2/19,낸,,
2020/2/20,뒞,,
2020/2/21,,,
2020/2/22,늧,긎,
2020/2/23,,긎,긎
2020/2/24,깵,,긎
2020/2/25,괉,,
2020/2/26,낸,,
2020/2/27,뒞,,
2020/2/28,,,
2020/2/29,늧,긎,
2020/3/1,,긎,긎
2020/3/2,깵,,
2020/3/3,괉,,
2020/3/4,낸,,
2020/3/5,뒞,,
2020/3/6,,,
2020/3/7,늧,긎,
2020/3/8,,긎,긎
2020/3/9,깵,,
2020/3/10,괉,,
2020/3/11,낸,,
2020/3/12,뒞,,
2020/3/13,,,
2020/3/14,늧,긎,
2020/3/15,,긎,긎
2020/3/16,깵,,
2020/3/17,괉,,
2020/3/18,낸,,
2020/3/19,뒞,,
2020/3/20,,,긎
2020/3/21,늧,,
2020/3/22,,긎,긎
2020/3/23,깵,,
2020/3/24,괉,,
2020/3/25,낸,,
2020/3/26,뒞,,
2020/3/27,,,
2020/3/28,늧,긎,
2020/3/29,,긎,긎
2020/3/30,깵,,
2020/3/31,괉,,
2020/4/1,낸,,
2020/4/2,뒞,,
2020/4/3,,,
2020/4/4,늧,긎,
2020/4/5,,긎,긎
2020/4/6,깵,,
2020/4/7,괉,,
2020/4/8,낸,,
2020/4/9,뒞,,
2020/4/10,,,
2020/4/11,늧,긎,
2020/4/12,,긎,긎
2020/4/13,깵,,
2020/4/14,괉,,
2020/4/15,낸,,
2020/4/16,뒞,,
2020/4/17,,,
2020/4/18,늧,긎,
2020/4/19,,긎,긎
2020/4/20,깵,,
2020/4/21,괉,,
2020/4/22,낸,,
2020/4/23,뒞,,
2020/4/24,,,
2020/4/25,늧,긎,
2020/4/26,,긎,긎
2020/4/27,깵,,
2020/4/28,괉,,
2020/4/29,낸,,긎
2020/4/30,뒞,,
2020/5/1,,,
2020/5/2,늧,긎,
2020/5/3,,긎,긎
2020/5/4,깵,긎,긎
2020/5/5,괉,긎,긎
2020/5/6,낸,긎,긎
2020/5/7,뒞,,
2020/5/8,,,
2020/5/9,늧,,
2020/5/10,,긎,긎
2020/5/11,깵,,
2020/5/12,괉,,
2020/5/13,낸,,
2020/5/14,뒞,,
2020/5/15,,,
2020/5/16,늧,긎,
2020/5/17,,긎,긎
2020/5/18,깵,,
2020/5/19,괉,,
2020/5/20,낸,,
2020/5/21,뒞,,
2020/5/22,,,
2020/5/23,늧,긎,
2020/5/24,,긎,긎
2020/5/25,깵,,
2020/5/26,괉,,
2020/5/27,낸,,
2020/5/28,뒞,,
2020/5/29,,,
2020/5/30,늧,긎,
2020/5/31,,긎,긎
2020/6/1,깵,,
2020/6/2,괉,,
2020/6/3,낸,,
2020/6/4,뒞,,
2020/6/5,,,
2020/6/6,늧,긎,
2020/6/7,,긎,긎
2020/6/8,깵,,
2020/6/9,괉,,
2020/6/10,낸,,
2020/6/11,뒞,,
2020/6/12,,,
2020/6/13,늧,긎,
2020/6/14,,긎,긎
2020/6/15,깵,,
2020/6/16,괉,,
2020/6/17,낸,,
2020/6/18,뒞,,
2020/6/19,,,
2020/6/20,늧,긎,
2020/6/21,,긎,긎
2020/6/22,깵,,
2020/6/23,괉,,
2020/6/24,낸,,
2020/6/25,뒞,,
2020/6/26,,,
2020/6/27,늧,긎,
2020/6/28,,긎,긎
2020/6/29,깵,,
2020/6/30,괉,,
2020/7/1,낸,,
2020/7/2,뒞,,
2020/7/3,,,
2020/7/4,늧,긎,
2020/7/5,,긎,긎
2020/7/6,깵,,
2020/7/7,괉,,
2020/7/8,낸,,
2020/7/9,뒞,,
2020/7/10,,,
2020/7/11,늧,긎,
2020/7/12,,긎,긎
2020/7/13,깵,,
2020/7/14,괉,,
2020/7/15,낸,,
2020/7/16,뒞,,
2020/7/17,,,
2020/7/18,늧,긎,
2020/7/19,,긎,긎
2020/7/20,깵,,
2020/7/21,괉,,
2020/7/22,낸,,
2020/7/23,뒞,긎,긎
2020/7/24,,긎,긎
2020/7/25,늧,긎,
2020/7/26,,긎,긎
2020/7/27,깵,,
2020/7/28,괉,,
2020/7/29,낸,,
2020/7/30,뒞,,
2020/7/31,,,
2020/8/1,늧,긎,
2020/8/2,,긎,긎
2020/8/3,깵,,
2020/8/4,괉,,
2020/8/5,낸,,
2020/8/6,뒞,,
2020/8/7,,,
2020/8/8,늧,긎,긎
2020/8/9,,긎,긎
2020/8/10,깵,긎,긎
2020/8/11,괉,긎,긎
2020/8/12,낸,긎,긎
2020/8/13,뒞,긎,긎
2020/8/14,,긎,긎
2020/8/15,늧,긎,긎
2020/8/16,,긎,긎
2020/8/17,깵,,
2020/8/18,괉,,
2020/8/19,낸,,
2020/8/20,뒞,,
2020/8/21,,,
2020/8/22,늧,긎,
2020/8/23,,긎,긎
2020/8/24,깵,,
2020/8/25,괉,,
2020/8/26,낸,,
2020/8/27,뒞,,
2020/8/28,,,
2020/8/29,늧,긎,
2020/8/30,,긎,긎
2020/8/31,깵,,
2020/9/1,괉,,
2020/9/2,낸,,
2020/9/3,뒞,,
2020/9/4,,,
2020/9/5,늧,긎,
2020/9/6,,긎,긎
2020/9/7,깵,,
2020/9/8,괉,,
2020/9/9,낸,,
2020/9/10,뒞,,
2020/9/11,,,
2020/9/12,늧,긎,
2020/9/13,,긎,긎
2020/9/14,깵,,
2020/9/15,괉,,
2020/9/16,낸,,
2020/9/17,뒞,,
2020/9/18,,,
2020/9/19,늧,긎,
2020/9/20,,긎,긎
2020/9/21,깵,긎,긎
2020/9/22,괉,긎,긎
2020/9/23,낸,,
2020/9/24,뒞,,
2020/9/25,,,
2020/9/26,늧,긎,
2020/9/27,,긎,긎
2020/9/28,깵,,
2020/9/29,괉,,
2020/9/30,낸,,
2020/10/1,뒞,,
2020/10/2,,,
2020/10/3,늧,긎,
2020/10/4,,긎,긎
2020/10/5,깵,,
2020/10/6,괉,,
2020/10/7,낸,,
2020/10/8,뒞,,
2020/10/9,,,
2020/10/10,늧,긎,
2020/10/11,,긎,긎
2020/10/12,깵,,
2020/10/13,괉,,
2020/10/14,낸,,
2020/10/15,뒞,,
2020/10/16,,,
2020/10/17,늧,긎,
2020/10/18,,긎,긎
2020/10/19,깵,,
2020/10/20,괉,,
2020/10/21,낸,,
2020/10/22,뒞,,
2020/10/23,,,
2020/10/24,늧,긎,
2020/10/25,,긎,긎
2020/10/26,깵,,
2020/10/27,괉,,
2020/10/28,낸,,
2020/10/29,뒞,,
2020/10/30,,,
2020/10/31,늧,긎,
2020/11/1,,긎,긎
2020/11/2,깵,,
2020/11/3,괉,,긎
2020/11/4,낸,,
2020/11/5,뒞,,
2020/11/6,,,
2020/11/7,늧,긎,
2020/11/8,,긎,긎
2020/11/9,깵,,
2020/11/10,괉,,
2020/11/11,낸,,
2020/11/12,뒞,,
2020/11/13,,,
2020/11/14,늧,긎,
2020/11/15,,긎,긎
2020/11/16,깵,,
2020/11/17,괉,,
2020/11/18,낸,,
2020/11/19,뒞,,
2020/11/20,,,
2020/11/21,늧,긎,
2020/11/22,,긎,긎
2020/11/23,깵,긎,긎
2020/11/24,괉,,
2020/11/25,낸,,
2020/11/26,뒞,,
2020/11/27,,,
2020/11/28,늧,긎,
2020/11/29,,긎,긎
2020/11/30,깵,,
2020/12/1,괉,,
2020/12/2,낸,,
2020/12/3,뒞,,
2020/12/4,,,
2020/12/5,늧,긎,
2020/12/6,,긎,긎
2020/12/7,깵,,
2020/12/8,괉,,
2020/12/9,낸,,
2020/12/10,뒞,,
2020/12/11,,,
2020/12/12,늧,긎,
2020/12/13,,긎,긎
2020/12/14,깵,,
2020/12/15,괉,,
2020/12/16,낸,,
2020/12/17,뒞,,
2020/12/18,,,
2020/12/19,늧,긎,
2020/12/20,,긎,긎
2020/12/21,깵,,
2020/12/22,괉,,
2020/12/23,낸,,
2020/12/24,뒞,,
2020/12/25,,,
2020/12/26,늧,,
2020/12/27,,긎,긎
2020/12/28,깵,긎,
2020/12/29,괉,긎,긎
2020/12/30,낸,긎,긎
2020/12/31,뒞,긎,긎
2021/1/1,,긎,긎
2021/1/2,늧,긎,긎
2021/1/3,,긎,긎
2021/1/4,깵,긎,긎
2021/1/5,괉,,
2021/1/6,낸,,
2021/1/7,뒞,,
2021/1/8,,,
2021/1/9,늧,긎,
2021/1/10,,긎,긎
2021/1/11,깵,긎,긎
2021/1/12,괉,,
2021/1/13,낸,,
2021/1/14,뒞,,
2021/1/15,,,
2021/1/16,늧,,
2021/1/17,,긎,긎
2021/1/18,깵,,
2021/1/19,괉,,
2021/1/20,낸,,
2021/1/21,뒞,,
2021/1/22,,,
2021/1/23,늧,긎,
2021/1/24,,긎,긎
2021/1/25,깵,,
2021/1/26,괉,,
2021/1/27,낸,,
2021/1/28,뒞,,
2021/1/29,,,
2021/1/30,늧,긎,
2021/1/31,,긎,긎
2021/2/1,깵,,
2021/2/2,괉,,
2021/2/3,낸,,
2021/2/4,뒞,,
2021/2/5,,,
2021/2/6,늧,긎,
2021/2/7,,긎,긎
2021/2/8,깵,,
2021/2/9,괉,,
2021/2/10,낸,,
2021/2/11,뒞,,긎
2021/2/12,,,
2021/2/13,늧,긎,
2021/2/14,,긎,긎
2021/2/15,깵,,
2021/2/16,괉,,
2021/2/17,낸,,
2021/2/18,뒞,,
2021/2/19,,,
2021/2/20,늧,긎,
2021/2/21,,긎,긎
2021/2/22,깵,,
2021/2/23,괉,,긎
2021/2/24,낸,,
2021/2/25,뒞,,
2021/2/26,,,
2021/2/27,늧,긎,
2021/2/28,,긎,긎
2021/3/1,깵,,
2021/3/2,괉,,
2021/3/3,낸,,
2021/3/4,뒞,,
2021/3/5,,,
2021/3/6,늧,긎,
2021/3/7,,긎,긎
2021/3/8,깵,,
2021/3/9,괉,,
2021/3/10,낸,,
2021/3/11,뒞,,
2021/3/12,,,
2021/3/13,늧,긎,
2021/3/14,,긎,긎
2021/3/15,깵,,
2021/3/16,괉,,
2021/3/17,낸,,
2021/3/18,뒞,,
2021/3/19,,,
2021/3/20,늧,긎,
2021/3/21,,긎,긎
2021/3/22,깵,,
2021/3/23,괉,,
2021/3/24,낸,,
2021/3/25,뒞,,
2021/3/26,,,
2021/3/27,늧,,
2021/3/28,,긎,긎
2021/3/29,깵,,
2021/3/30,괉,,
2021/3/31,낸,,
