R[hP,R[hQ,於̂P,於̂Q,於̂R,X֔ԍP,X֔ԍQ,ZP,ZQ,ZR,dbԍ,A&B,`,(Km) ,p
T0060,H006,LЁ@gcZ,,,421,303,ÉYSgcЉXUU|P,,,0548-32-3022,T0060H006,~450,300,0
T0060,H031,OhYƊ,,,222,1,_ސ쌧ls`kMS|PW|RO,,,045-531-8793,T0060H031,~250,100,0
T0060,H033,Ё@^~@w,n粗l,,422,8021,Ésx͋揬163Ԓn20,,,054-285-0155,T0060H033,~250,250,0
T0060,H047,YƊ,,,421,1121,É}sQQOX|PW,,,054-667-3052,T0060H047,~450,300,0
T0060,H048,xmYƊ,,,421,412,ÉqVs╔RQQWԒn,,,0548-29-0311,T0060H048,~450,300,0
T0060,H057,Ё@s,,,421,302,ÉYSgcKXUT|R,,,0548-32-5993,T0060H057,~450,300,0
T0060,H058,cd튔,,,437,1,É܈sRcWWT|P,,,0538-49-1650,T0060H058,~450,350,0
T0060,H063,Ё@P ĒÐ쏊,,,425,87,ÉĒÎsەTUX,,,0546-27-6745,T0060H063,~250,250,0
T0060,H077,gmYƊ,,,422,8063,Ésx͋nPڂPR|RQ,,,054-285-0488,T0060H077,~250,250,0
T0060,H084,B,,,849,902,ꌧsvې򒬏aPWSW|P,,,0952-98-0850,T0060H084,~1500,1500,1
T0060,H096,CZH,,,421,106,Ésx͋kێqQ|RW|Q,,,054-258-7773,T0060H096,~250,250,0
T0060,H143,엢^󊔎,,,319,107,錧ʎs˂PPVQ,,,0299-48-1388,T0060H143,~250,100,1
T0060,H155,Ё@XM}H,,,424,104,És摐JSWQԒn,,,054-366-2130,T0060H155,~250,250,0
T0060,H188,^󊔎,,,426,2,É}sWOO|PP,,,054-641-9660,T0060H188,~450,300,0
T0060,H197,LЁ@ÉYH,,,422,8053,ÉÉsx͋搼Q|P|RV,,,054-285-7019,T0060H197,~250,250,0
T0060,H203,JliJ,,,421,0302,ÉYSgcKRSSW|X,,,0548-32-6718,T0060H203,~450,300,0
T0070,H008,Ё@ZCR[dHƏ,,,501,2257,򕌌RsxiTR,,,0581-52-1052,T0070H008,~650,500,0
T0070,H009,_^󃁃bLHƊ,,,489,52,mˎs˒QPԒn,,,0561-82-5289,T0070H009,~450,450,0
T0070,H010,awHƊ,,,502,5,򕌌򕌎sUSU,,,058-237-3711,T0070H010,~650,500,0
T0070,H011,В^,,,470,226,m݂悵sFOWUOԒnP,,,0561-34-3230,T0070H011,~450,450,0
T0070,H012,Ё@Y،^쏊,,,473,933,mLcsYSTԒn,,,0565-51-1001,T0070H012,~450,450,0
T0070,H013,ATqdq@,,,501,1106,򕌌򕌎sΒJPPVVԒn,,,058-238-8027,T0070H013,~650,500,0
T0070,H032,Ё@ʑP,,,448,46,mshuWS,,,0561-53-3335,T0070H032,~450,450,0
T0070,H051,Ё@ACAEJE{[C,,,435,4,Éls撆쒬UOPԒn,,,053-582-6777,T0070H051,~450,350,0
T0070,H068,Ё@Oa^HƏ,,,485,59,mqsؓQ|PVU,,,0568-73-0970,T0070H068,~450,450,0
T0070,H074,ɓ^󊔎Ё@{,,,457,843,És撉PڂW|QQ,,,052-691-7265,T0070H074,~450,450,0
T0070,H075,ɓ^󊔎Ё@H,,,494,6,m{sNpV,,,0586-63-2067,T0070H075,~450,450,0
T0070,H087,VƊ,,,460,24,És搳؂Q|PR|W,,,052-331-6510,T0070H087,~650,500,0
T0070,H088,chЁ@OcƏ,,,441,8123,mLsᏼᏼRTV|U,,,0532-44-8888,T0070H088,~450,450,0
T0070,H090,Ё@A[N@ÉxX,,,470,111,misĖؒRTOO|RO,,,0561-72-5550,T0070H090,~450,450,0
T0070,H092,ЃA[N@xmgcH@ޕ,,,403,2,RxmgcsSQTQ,,,0555-24-1811,T0070H092,~250,200,1
T0070,H104,Ё@^JnVH,,,437,213,ÉqSXrPPQR|V,,,0538-84-4811,T0070H104,~450,300,0
T0070,H112,Ё@ۍghX,,,504,38,򕌌es߉咬Q|SR,,,058-383-2511,T0070H112,~650,500,0
T0070,H114,LzH,,,486,955,mtsq2-1-7,,,0568-33-3861,T0070H114,~450,450,0
T0070,H121,LЁ@aXN[,,,463,37,ÉsRVqcQ|QQO,,,052-771-7735,T0070H121,~450,450,0
T0070,H138,CgEXpb^O,,,490,1202,m܎sxˌPS,,,052-462-8397,T0070H138,~650,500,0
T0070,H140,_^󃁃bLHƊЁ@ʍH,,,350,1265,ʌshVVO,,,0429-78-6484,T0070H140,~250,150,1
T0070,H147,Ё@ljR[|[V,,,497,33,mCSI]厚I]{,emQU|P,,0567-95-0191,T0070H147,~650,500,0
T0070,H148,Ё@ZmI,,,497,34,mCSI]{P|SP|P,,,0567-95-3412,T0070H148,~650,500,0
T0070,H149,ЃR[gebN@쎖,,,224,15,lss}拍vېQ|P|RR,~ir201,,045-914-5211,T0070H149,~250,100,0
T0070,H150,Ё@OKdHƏ,tH,,486,906,mts~m@SS|PO,,,0568-34-3694,T0070H150,~450,450,0
T0070,H151,Ё@XvO쏊,,,329,2213,Ȗ،JSJ厚Fm؂PRTU,,,0287-45-1231,T0070H151,~250,200,1
T0070,H161,Ё@_CebN,,,448,6,mJsORXԒnP,,,0556-26-1230,T0070H161,~450,400,0
T0070,H168,Ё@~cg,,,599,8243,{s挩RPPR|S,,,072-237-8868,T0070H168,~650,600,1
T0070,H170,Ё@t䉻HƏ@H,,,457,841,mÉsLcRڂPWԒnRO,,,052-694-7331,T0070H170,~450,450,0
T0070,H178,VubL,,,444,524,msgǒ쒆SW|Q,,,0563-65-2531,T0070H178,~450,400,0
T0070,H183,Ё@A[N@xmgcH,,,403,18,RxmgcsQ|PQ|W,,,0555-24-1811,T0070H183,~250,200,1
T0070,H185,kh,,,473,907,mLcs_SV,,,0565-29-8235,T0070H185,~450,450,0
T0070,H192,Ё@zZ,,,470,214,m݂悵smacRR|RQ,,,0561-34-4639,T0070H192,~450,450,0
T0070,H206,ATqH,,,501,1106,򕌌򕌎sΒJPPVV,,,058-238-8027,T0070H205,~650,500,0
T0320,,엢^󊔎,,,319,107,錧ʎs˂PPVQ,,,0299-48-1388,T0320,~250,100,1
T0410,,LЁ@VH,,,370,3607,QnkQnSgqUXT|VP,,,0279-54-3522,T0410,~250,200,1
T0470,,mO`^󊔎,,,311,2215,錧saRUW,,,0299-69-5002,T0470,~250,100,1
